example,Left context,Center,Right context,Title,Author,Header,created,Sphere,Type,Full context
долгий,"Идея давняя: мечтаемая, ожидаемая, а потом",отложенная,в долгий ящик как почти не,"Лариса Алексеева. Выставка на флешке // «Октябрь», 2013",Лариса Алексеева,Выставка на флешке,2013,публицистика | нехудожественная,статья,"Идея давняя: мечтаемая, ожидаемая, а потом отложенная в долгий ящик как почти не имеющая шансов."
долгий,Попрошу Гарика отксерить и,отложу,в долгий ящик.,Екатерина Завершнева. Высотка (2012),Екатерина Завершнева,Высотка,2012,художественная,роман,Попрошу Гарика отксерить и отложу в долгий ящик.
долгий,"первый президент Китая Сунь Ятсен, пришлось",отложить,в долгий ящик.,В. В. Овчинников. Размышления странника (2012),В. В. Овчинников,Размышления странника,2012,публицистика,мемуары | очерк,"Грандиозный проект, о котором мечтал еще первый президент Китая Сунь Ятсен, пришлось отложить в долгий ящик."
долгий,"времени, что-нибудь очень важное, нужное, но",отложенное,в долгий ящик.,Ю. И. Андреева. Многоточие сборки (2009),Ю. И. Андреева,Многоточие сборки,2009,художественная,повесть,"Каждый человек должен хотя бы иногда опускаться в свой личный отстойник, чтобы поднять со дна действительно интересные идеи, создать то, на что раньше не хватало времени, что-нибудь очень важное, нужное, но отложенное в долгий ящик."
долгий,по освобождению капитана Егора Туртыгина пришлось,отложить,в долгий ящик -- в Чечню сейчас,"В. Ю. Кунгурцева. Ведогони, или Новые похождения Вани Житного (2009)",В. Ю. Кунгурцева,"Ведогони, или Новые похождения Вани Житного",2009,художественная,роман,Планы по освобождению капитана Егора Туртыгина пришлось отложить в долгий ящик -- в Чечню сейчас нечего было и соваться…
долгий,Генерал-прокуратура не,отложила,в долгий ящик санкционированное верховной властью,"Дмитрий Серов. Фискалы на эшафоте (2007) // «Родина», 2011",Дмитрий Серов,Фискалы на эшафоте,2007,публицистика | нехудожественная,статья,Генерал-прокуратура не отложила в долгий ящик санкционированное верховной властью самое радикальное следственное действие того времени.
долгий,"и самое главное, почему я его",отложил,в долгий ящик -- это была боязнь,Предложение заработать сетевым маркетингом (2004),NA,Предложение заработать сетевым маркетингом,2004,реклама | нехудожественная,письмо,"Хочу сказать, что мне уже один раз предоставлялся шанс заняться сетевым маркетингом (только не пугайтесь этого словосочетания), тогда мне пришло письмо, где мне предлагали присоединиться к проекту Golden Stream, но в то время, я испугался, что мне придётся осваивать очень много программ и самое главное, почему я его отложил в долгий ящик -- это была боязнь большого количества работы и не понимания того, как действует такая программа и в чём её смысл."
долгий,И я всё это дело,отложил,в долгий ящик и в последствии,Предложение заработать сетевым маркетингом (2004),NA,Предложение заработать сетевым маркетингом,2004,реклама | нехудожественная,письмо,И я всё это дело отложил в долгий ящик и в последствии забыл об этом.
долгий,неприятные перемены в коммунальной сфере будут,отложены,в долгий ящик.,"Александр Юров. Реформенное безобразие (2003) // «Московский комсомолец», 14.01.2003",Александр Юров,Реформенное безобразие,2003,публицистика | нехудожественная,статья,"Показалось даже, что неприятные перемены в коммунальной сфере будут отложены в долгий ящик."
долгий,"перенесен на следующую сессию, а там",отложен,в долгий ящик.,"Всеволод Овчинников. Корни дуба. Впечатления и размышления об Англии и англичанах (1974-1978) // «Новый мир», 1979",Всеволод Овчинников,Корни дуба. Впечатления и размышления об Англии и англичанах,1974,публицистика | нехудожественная,монография,"Поскольку правительство не могло пойти на это, законопроект был перенесен на следующую сессию, а там отложен в долгий ящик."
долгий,встретят самое решительное сопротивление и будут,отложены,в долгий ящик.,П. Н. Милюков. Воспоминания (1859—1917). Том второй (1940-1943),П. Н. Милюков,Воспоминания (1859—1917). Том второй,1940,публицистика | нехудожественная,мемуары,"Можно было ожидать, конечно, что в Государственном Совете все эти нововведения встретят самое решительное сопротивление и будут отложены в долгий ящик."
долгий,"окончательно -- ввиду горячих дебатов -- не решили,",отложив,в долгий ящик.,"В. В. Виноградов. Письма Н. М. Виноградовой (1926) // Новый мир, № 1, 1995",В. В. Виноградов,Письма Н. М. Виноградовой,1926,бытовая | нехудожественная,письмо личное,"Но вопроса окончательно -- ввиду горячих дебатов -- не решили, отложив в долгий ящик."
долгий,случае вопрос еврейский не может быть,отложен,в долгий ящик.,А. А. Киреев. Дневник (1907),А. А. Киреев,Дневник,1907,бытовая | нехудожественная,"дневник, записные книжки",Во всяком случае вопрос еврейский не может быть отложен в долгий ящик.
дальний,это время болен и представление было,отложено,в дальний ящик.,Н. Э. Гейнце. Коронованный рыцарь (1898),Н. Э. Гейнце,Коронованный рыцарь,1898,художественная,роман,Но король был в это время болен и представление было отложено в дальний ящик.
долгий,к остальным родным и знакомым я,отложил,в долгий ящик.,А. М. Достоевский. Воспоминания (1896),А. М. Достоевский,Воспоминания,1896,публицистика | нехудожественная,мемуары,Визиты же к остальным родным и знакомым я отложил в долгий ящик.
долгий,"Первое исполнено будет завтра, второе",отложено,в долгий ящик.,архиепископ Николай Японский (Касаткин). Дневник (1896),архиепископ Николай Японский (Касаткин),Дневник,1896,бытовая,"дневник, записные книжки","Первое исполнено будет завтра, второе отложено в долгий ящик."
долгий,"судьи, старался всякое дело затянуть, отсрочить,",отложить,"в долгий ящик, дать ему вдоволь",А. Н. Анненская. Франсуа Рабле. Его жизнь и литературная деятельность (1892),А. Н. Анненская,Франсуа Рабле. Его жизнь и литературная деятельность,1892,публицистика | нехудожественная,биография,"С течением времени истина всегда является на свет, поэтому старый законник, как и все почтенные судьи, старался всякое дело затянуть, отсрочить, отложить в долгий ящик, дать ему вдоволь отлежаться, а бумагам, относящимся к нему, накопиться как можно больше; тогда стороны, истратившие массу денег на разных адвокатов, клерков и т. п., рады какому бы то ни было окончанию разорительной тяжбы и спокойно принимают приговор не в свою пользу."
долгий,нет; в последнем случае дело придется,отложить,в долгий ящик.,В. В. Докучаев. Письмо А. А. Измаильскому (1892),В. В. Докучаев,Письмо А. А. Измаильскому,1892,бытовая,письмо личное,"Что касается моей поездки в Новую Александрию, она до сих пор еще не решена окончательно: министр финансов не дает ответа, согласен ли он на реформу института (вместо 44 т [ыс. руб.] нужно 136 т [ыс.]) или нет; в последнем случае дело придется отложить в долгий ящик."
долгий,"Во всякомъ случаѣ, вопросъ этотъ будетъ",отложенъ,въ долгій ящикъ.,Е. А. Салиас. Атаман Устя (1890),Е. А. Салиас,Атаман Устя,1890,художественная,роман,"Во всякомъ случаѣ, вопросъ этотъ будетъ отложенъ въ долгій ящикъ."
долгий,"работу надо начинать сначала, и реформа",отложена,"в долгий ящик; но говорят, что",В. Н. Ламсдорф. Дневник (1889),В. Н. Ламсдорф,Дневник,1889,бытовая | нехудожественная,"дневник, записные книжки","Таким образом, всю работу надо начинать сначала, и реформа отложена в долгий ящик; но говорят, что граф Толстой вполне удовлетворен и противники его тоже очень довольны."
дальний,"дѣло съ векселемъ, выданнымъ Надеждѣ Ларіоновнѣ,",отложено,"въ дальній ящикъ, но повѣстка все-таки",Н. А. Лейкин. В ожидании наследства (1889),Н. А. Лейкин,В ожидании наследства,1889,художественная,роман,"На четвертый день Костя началъ уже думать, что дѣло съ векселемъ, выданнымъ Надеждѣ Ларіоновнѣ, отложено въ дальній ящикъ, но повѣстка все-таки явилась."
долгий,"курсы закрыт, дело о Сибирском университете",отложено,в долгий ящик и т. д.,Листок Народной воли. Социально-революционное обозрение. №3 (1886),NA,Листок Народной воли. Социально-революционное обозрение. №3,1886,публицистика | нехудожественная,статья,"Прием на все высшие женские курсы закрыт, дело о Сибирском университете отложено в долгий ящик и т. д."
долгий,"Намерение заснуть,",отложенное,в долгий ящик.,архимандрит Антонин (Капустин). Дневник (1881),архимандрит Антонин (Капустин),Дневник,1881,бытовая | нехудожественная,"дневник, записные книжки","Намерение заснуть, отложенное в долгий ящик."
дальний,"Гулянья не уйдутъ, а экзамена не",отложить,въ дальній ящикъ.,А. К. Шеллер-Михайлов. Падение (1870),А. К. Шеллер-Михайлов,Падение,1870,художественная,роман,"Гулянья не уйдутъ, а экзамена не отложить въ дальній ящикъ."
дальний,если оно снова отстранитъ ихъ и,отложитъ,въ дальній ящикъ.,А. К. Шеллер-Михайлов. Въ разбродъ (1869),А. К. Шеллер-Михайлов,Въ разбродъ,1869,художественная,роман,"Онъ былъ твердо увѣренъ, что такъ или иначе общество должно будетъ разрѣшить эти насущные вопросы, или ему солоно придется, если оно снова отстранитъ ихъ и отложитъ въ дальній ящикъ."
долгий,Сначала проект,отложили,"в ""долгий ящик"", а затем и","Какой была новостная картина в этот день - 31 мая в каждый год за последние 20 лет // NEWSru.com, 31.05.2021",NA,Какой была новостная картина в этот день - 31 мая в каждый год за последние 20 лет,2021,NA,неопределенная категория,"Сначала проект отложили в ""долгий ящик"", а затем и вовсе вывели из оборота."
долгий,"вопрос, который требует промедления, его нельзя",отложить,"в долгий ящик», — сказал парламентарий.","Турчак: расходы на Интернет для малых посёлков урезать не будут // Парламентская газета, 2020.11.03",NA,Турчак: расходы на Интернет для малых посёлков урезать не будут,2020,NA,комментарий,"Этот не тот вопрос, который требует промедления, его нельзя отложить в долгий ящик», — сказал парламентарий."
долгий,"Мы реформу сдвинули вправо, но не",отложили,"в долгий ящик, подчеркнул глава российского","Санслужба и первичное здравоохранение в России будут реформированы // Vesti.ru, 17.12.2020",NA,Санслужба и первичное здравоохранение в России будут реформированы,2020,NA,комментарий,"Мы реформу сдвинули вправо, но не отложили в долгий ящик, подчеркнул глава российского государства."
долгий,Черное зеркало»,отложили,в долгий ящик По пути запуска,"Netflix открыл «Бар “Эдди”» // Коммерсант, 09.05.2020",NA,Netflix открыл «Бар “Эдди”»,2020,NA,рецензия,Черное зеркало» отложили в долгий ящик По пути запуска мини-сериалов пошли и другие потоковые сервисы.
долгий,"фактом, что Япония пошла на уступки,",отложив,в долгий ящик свою прошлую дипломатическую,"В Японии захотели потребовать у России все Курильские острова // lenta.ru, 15.12.2019",NA,В Японии захотели потребовать у России все Курильские острова,2019,NA,комментарий,"В результате мы оказались перед фактом, что Япония пошла на уступки, отложив в долгий ящик свою прошлую дипломатическую позицию с требованием о передаче четырех островов», — пояснил он."
долгий,Его реализацию,отложили,"в долгий ящик, и, казалось, что","Анастасия Антидзе (Тбилиси), специально для «Ленты.ру». «Нас не считают за людей» // lenta.ru, 24.02.2019","Анастасия Антидзе (Тбилиси), специально для «Ленты.ру»",«Нас не считают за людей»,2019,NA,неопределенная категория,"Его реализацию отложили в долгий ящик, и, казалось, что оно вообще не вступит в силу, однако подвижки начались спустя почти 6 лет."
долгий,Амбициозные планы покорения Азии,отложили,"в долгий ящик, издержки за пять","Как Робин Денхолм прошла путь от заправщика на бензоколонке до топ-менеджера Tesla // Ведомости, 2018.11.11",NA,Как Робин Денхолм прошла путь от заправщика на бензоколонке до топ-менеджера Tesla,2018,NA,неопределенная категория,"Амбициозные планы покорения Азии отложили в долгий ящик, издержки за пять лет решено было сократить на 1 млрд австралийских долларов, штат – на четверть, но совершить прорыв в области цифровых технологий в целом и 5G в частности."
долгий,"страны, если изменение параметров пенсионной системы",отложить,в «долгий ящик»?,"Дыра в бюджете Пенсионного фонда становится «чёрной» // Парламентская газета, 2018.08.14",NA,Дыра в бюджете Пенсионного фонда становится «чёрной»,2018,NA,интервью,"Что произойдет с бюджетом страны, если изменение параметров пенсионной системы отложить в «долгий ящик»?"
долгий,не нашел единодушной поддержки и был,отложен,в долгий ящик.,"Председатель Еврокомиссии возлагает большие надежды на Австрию // Парламентская газета, 2018.07.03",NA,Председатель Еврокомиссии возлагает большие надежды на Австрию,2018,NA,информационное сообщение,"Комиссия ЕС проявила тогда дальнозоркость и предложила решить этот вопрос, однако в конце концов он не нашел единодушной поддержки и был отложен в долгий ящик."
долгий,"в первом чтении, однако затем его",отложили,в долгий ящик.,"Николай Макеев. В России возникли проблемы с пивом // Московский комсомолец, 29.05.2018",Николай Макеев,В России возникли проблемы с пивом,2018,NA,статья,"Законопроект был принят в первом чтении, однако затем его отложили в долгий ящик."
долгий,"году умер Ворошилов, и перезапуск передачи",отложили,в долгий ящик.,"Светлана Поворазнюк. Больно умные // lenta.ru, 25.02.2018",Светлана Поворазнюк,Больно умные,2018,NA,статья,"В 2001 году умер Ворошилов, и перезапуск передачи отложили в долгий ящик."
долгий,"Это не значит, что мы",отложили,в долгий ящик решение вопроса о,"Мутко защитит российских спортсменов от нападок МОК // lenta.ru, 16.12.2017",NA,Мутко защитит российских спортсменов от нападок МОК,2017,NA,информационное сообщение,"Это не значит, что мы отложили в долгий ящик решение вопроса о поддержке пострадавших спортсменов, о защите их честного имени в судах."
долгий,Предложение г-на Затулина молча,отложили,в долгий ящик: и не принимали,"Марина Озерова. Платный въезд в центр городов: какие «бомбы» лежат в Госдуме // Московский комсомолец, 25.07.2017",Марина Озерова,Платный въезд в центр городов: какие «бомбы» лежат в Госдуме,2017,NA,комментарий,"Предложение г-на Затулина молча отложили в долгий ящик: и не принимали, и не отклоняли."
долгий,Какой из,отложенных,в долгий ящик российских проектов стоило,"Беседовал Владимир Корягин. «Без России в космос американцы не улетят» // lenta.ru, 30.01.2017",Беседовал Владимир Корягин,«Без России в космос американцы не улетят»,2017,NA,интервью,Какой из отложенных в долгий ящик российских проектов стоило бы возродить?
долгий,"работы за пять лет, его резюме",отложат,"в долгий ящик, говорит Дереляк.","General Electric оставит 200 000 сотрудников без оценок // Ведомости, 2016.08.02",NA,General Electric оставит 200 000 сотрудников без оценок,2016,NA,статья,"Если видят, что человек сменил три работы за пять лет, его резюме отложат в долгий ящик, говорит Дереляк."
долгий,"Видимо, из-заопасения, что решение вновь",отложат,"в «долгий ящик»,   еврейская община выступила","Еврейская община Литвы предлагает обнародовать данные о 2000 участниках холокоста // Парламентская газета, 2016.02.12",NA,Еврейская община Литвы предлагает обнародовать данные о 2000 участниках холокоста,2016,NA,неопределенная категория,"Видимо, из-заопасения, что решение вновь отложат в «долгий ящик»,   еврейская община выступила сегодня ссоответствующим обращением."
долгий,за применение и распространение допинга был,отложен,в долгий ящик.,"«Лидером сборной России мог бы быть Шипулин, но у него нет стержня» // Известия, 19.10.2016",NA,"«Лидером сборной России мог бы быть Шипулин, но у него нет стержня»",2016,NA,интервью,"Этого сделано не было, закон об уголовной ответственности за применение и распространение допинга был отложен в долгий ящик."
долгий,"тем, что ЕС, фактически руководимый Берлином,",отложил,в долгий ящик вопрос отмены виз,"Ксения Мельникова. «Здесь вам не базар» // lenta.ru, 02.09.2016",Ксения Мельникова,«Здесь вам не базар»,2016,NA,неопределенная категория,"Анкара недовольна тем, что ЕС, фактически руководимый Берлином, отложил в долгий ящик вопрос отмены виз для турок."
долгий,"совершенно нельзя исключать, что вопрос вновь",отложат,в долгий ящик.,"Дмитрий Мигунов. На финишной прямой // lenta.ru, 23.03.2016",Дмитрий Мигунов,На финишной прямой,2016,NA,комментарий,"То есть, если цена на нефть вновь повысится и финансовое положение государства несколько поправится, то совершенно нельзя исключать, что вопрос вновь отложат в долгий ящик."
долгий,Антифашистские принципы Европы,отложены,в долгий ящик — отложены ради чисто,"Алексей Пушков: «Европа находится в критической точке» // Известия, 12.01.2015",NA,Алексей Пушков: «Европа находится в критической точке»,2015,NA,интервью,Антифашистские принципы Европы отложены в долгий ящик — отложены ради чисто политических целей.
долгий,Тогда маневр,отложили,в долгий ящик и вспомнили о,"От редакции: Цена союза с Белоруссией непрерывно растет // Ведомости, 2014.10.09",NA,От редакции: Цена союза с Белоруссией непрерывно растет,2014,NA,комментарий,"Тогда маневр отложили в долгий ящик и вспомнили о нем недавно, в куда более сложной ситуации."
долгий,"совсем не означает, что интеграцию следует",отложить,в долгий ящик.,"Как двинуть интеграцию вперед? // Парламентская газета, 2014.02.25",NA,Как двинуть интеграцию вперед?,2014,NA,статья,"И это совсем не означает, что интеграцию следует отложить в долгий ящик."
долгий,эти планы в свое время были,отложены,в долгий ящик.,"Европа предложила сотрудничать с Россией для организации лунных миссий // Vesti.ru, 10.12.2014",NA,Европа предложила сотрудничать с Россией для организации лунных миссий,2014,NA,заметка,"Европейское космическое агентство уже не раз предлагало проекты по высадке человека на Луну, однако эти планы в свое время были отложены в долгий ящик."
долгий,и налаживания отношений с соседями будет,отложен,в долгий ящик.,"Георгий Макаренко. Украина на перепутье: ВЭФ разработал три сценария развития страны // РБК Дейли, 15.04.2014",Георгий Макаренко,Украина на перепутье: ВЭФ разработал три сценария развития страны,2014,NA,комментарий,Вопрос подавления сепаратизма и налаживания отношений с соседями будет отложен в долгий ящик.
долгий,"оплату газа, но это, по сути,",отложенное,"в долгий ящик решение, ведь кредит","Людмила Подобедова. Украина угрожает России и ЕС приостановкой транзита газа // Известия, 08.04.2014",Людмила Подобедова,Украина угрожает России и ЕС приостановкой транзита газа,2014,NA,комментарий,"Более мягкий вариант решения проблемы — получение Украиной кредита из Европы, США или РФ на оплату газа, но это, по сути, отложенное в долгий ящик решение, ведь кредит надо чем-то отдавать."
долгий,"опасается, что исследование проведут, а результаты",отложат,в долгий ящик.,"Мария Шаталова. Для проблемных районов Москвы и области сделают карту запахов // Известия, 21.02.2014",Мария Шаталова,Для проблемных районов Москвы и области сделают карту запахов,2014,NA,заметка,"Руководитель Московского городского общества защиты природы Галина Морозова опасается, что исследование проведут, а результаты отложат в долгий ящик."
долгий,Не успев,отложить,в долгий ящик один мегапроект – освоение,"Тимофей Дзядко: «Газпром» переключился на новый мегапроект // Ведомости, 2013.06.13",NA,Тимофей Дзядко: «Газпром» переключился на новый мегапроект,2013,NA,комментарий,"Не успев отложить в долгий ящик один мегапроект – освоение гигантского Штокмановского месторождения, которое должно было стать базой для завода по производству сжиженного природного газа (СПГ), «Газпром» решил вернуться к другому – строительству СПГ-завода на Балтике."
долгий,сиротства неоказались вочередной раз,отложенными,"вдолгий ящик»,―подчеркнула Горячева.","Светлана Горячева: Настало время сделать поддержку детей-сирот общегосударственной задачей // Парламентская газета, 2013.03.22",NA,Светлана Горячева: Настало время сделать поддержку детей-сирот общегосударственной задачей,2013,NA,комментарий,"Мы настаиваем, чтобы предлагаемые фракцией «Справедливой Россией» меры, особенно вотношении социального сиротства неоказались вочередной раз отложенными вдолгий ящик»,―подчеркнула Горячева."
долгий,приняли его в первом чтении и,отложили,в долгий ящик.,"Антон Арсеньев. Полусухой закон // Коммерсант, 11.09.2013",Антон Арсеньев,Полусухой закон,2013,NA,комментарий,Депутаты приняли его в первом чтении и отложили в долгий ящик.
долгий,что вопрос вступления Грузии в альянс,отложен,"в долгий ящик, несмотря на все","Георгий Двали, Тбилиси. Грузия продлит афганскую миссию // Коммерсант, 30.07.2013","Георгий Двали, Тбилиси",Грузия продлит афганскую миссию,2013,NA,комментарий,"Впрочем, по словам ректора грузинской Дипакадемии Иосифа Цинцадзе, «представители НАТО не раз говорили, что вопрос вступления Грузии в альянс отложен в долгий ящик, несмотря на все наши жертвы в Афганистане»."
долгий,"не исключают, что их инициативу снова",отложат,в долгий ящик.,"Юлия Яковлева. Коммунисты просят Госдуму помочь детям войны // РБК Дейли, 04.07.2013",Юлия Яковлева,Коммунисты просят Госдуму помочь детям войны,2013,NA,комментарий,"Однако депутаты не исключают, что их инициативу снова отложат в долгий ящик."
долгий,"по последним новостям из Госдумы, документ",отложен,в долгий ящик.,"Валерий БУТАЕВ. Из-за повышения налогов уже 700 тысяч предпринимателей закрыли свой бизнес // Комсомольская правда, 02.07.2013",Валерий БУТАЕВ,Из-за повышения налогов уже 700 тысяч предпринимателей закрыли свой бизнес,2013,NA,неопределенная категория,"Но до конца весенней сессии остались считанные дни, и, судя по последним новостям из Госдумы, документ отложен в долгий ящик."
долгий,"Замылит его всенародно избранное думское большинство,",отложит,в долгий ящик.,"Евгений ЧЕРНЫХ. Попытка бороться с взятками – не пытка! // Комсомольская правда, 28.03.2013",Евгений ЧЕРНЫХ,Попытка бороться с взятками – не пытка!,2013,NA,комментарий,"Замылит его всенародно избранное думское большинство, отложит в долгий ящик."
долгий,"но, судя по всему, это придется",отложить,в долгий ящик.,"Дальневосточному ЖКХ спустили процент // Коммерсант, 05.03.2013",NA,Дальневосточному ЖКХ спустили процент,2013,NA,заметка,"Да, это было запланировано, это лежит в прогнозе развития, но, судя по всему, это придется отложить в долгий ящик."
дальний,а статья для него найдется» не,отложен,в дальний ящик.,"Алексей Певчев. Алексей Меринов: «В Буратино большой дядя-чиновник углядел себя» // Известия, 22.02.2013",Алексей Певчев,Алексей Меринов: «В Буратино большой дядя-чиновник углядел себя»,2013,NA,интервью,"Так что гениальный постулат «был бы человек, а статья для него найдется» не отложен в дальний ящик."
долгий,"собственные взгляды на проблему, инициатива была",отложена,в долгий ящик.,"Елена Шарпаева. Страховщиков лишат лицензий за дутые цифры в отчетности // Известия, 14.01.2013",Елена Шарпаева,Страховщиков лишат лицензий за дутые цифры в отчетности,2013,NA,комментарий,"Однако из-за того, что в декабре 2010 года было принято решение о присоединении Росстрахнадзора к ФСФР, а у ФСФР были собственные взгляды на проблему, инициатива была отложена в долгий ящик."
долгий,Закон был,отложен,"в «долгий ящик», поскольку возможности реализовать","Литва подсчитает ущерб от «советской оккупации» с помощью иностранцев // Парламентская газета, 2012.06.15",NA,Литва подсчитает ущерб от «советской оккупации» с помощью иностранцев,2012,NA,комментарий,"Закон был отложен в «долгий ящик», поскольку возможности реализовать его у Литвы нет."
долгий,"Девелоперы стали анонсировать комплексы, ранее",отложенные,"в долгий ящик, что свидетельствует о","Выставка Александра Ведерникова : графика ленинградского формалиста идеально подходит для домашнего интерьера // Ведомости, 2012.02.15",NA,Выставка Александра Ведерникова : графика ленинградского формалиста идеально подходит для домашнего интерьера,2012,NA,статья,"Девелоперы стали анонсировать комплексы, ранее отложенные в долгий ящик, что свидетельствует о благоприятной рыночной конъюнктуре, считает гендиректор «Лемминкяйнен рус» Юха Вятто."
долгий,Некоторыми «потроллили» общественность и,отложили,"в долгий ящик, в частности закон","Евгения Корытина. Кто пострадал от Госдумы шестого созыва // РБК Дейли, 28.12.2012",Евгения Корытина,Кто пострадал от Госдумы шестого созыва,2012,NA,комментарий,"Некоторыми «потроллили» общественность и отложили в долгий ящик, в частности закон о защите чувств верующих."
долгий,какой-то момент не то чтобы забросил –,отложил,в долгий ящик.,"Мария РЕМИЗОВА. Максим Галкин: В нашей семье готовит Алла, а я — руковожу! // Комсомольская правда, 13.12.2012",Мария РЕМИЗОВА,"Максим Галкин: В нашей семье готовит Алла, а я — руковожу!",2012,NA,неопределенная категория,Я ее в какой-то момент не то чтобы забросил – отложил в долгий ящик.
долгий,ЭКС) фракции «Единой России» вГосдуме,отложил,в долгий ящик порядка 100 популистских,"Анастасия Новикова. Госдума начала расчистку «авгиевых конюшен» законопроектов эпохи Бориса Грызлова // РБК Дейли, 19.11.2012",Анастасия Новикова,Госдума начала расчистку «авгиевых конюшен» законопроектов эпохи Бориса Грызлова,2012,NA,комментарий,"Экспертно-консультативный совет (ЭКС) фракции «Единой России» вГосдуме отложил в долгий ящик порядка 100 популистских и сырых законопроектов из регионов, присланных в последнем созыве."
долгий,"20 млн рублей, но рекомендации ученых",отложили,в долгий ящик  Жертв наводнения на,"Елизавета Маетная. Миллионы на исследование наводнений на Кубани потрачены впустую // Известия, 09.07.2012",Елизавета Маетная,Миллионы на исследование наводнений на Кубани потрачены впустую,2012,NA,комментарий,"На изучение реки Кубань и ее притоков в 2010 году было израсходовано 20 млн рублей, но рекомендации ученых отложили в долгий ящик  Жертв наводнения на юге Кубани могло бы быть меньше, а времени на оповещение людей о грозящем наводнении больше, если бы на практике применили разработанную в 2010 году модель формирования речного стока для реки Кубань и ее притоков, которые вышли из берегов, унеся с собой больше 170 жизней и лишив крова тысячи кубанцев."
долгий,"партии без привязки к региональному списку,",отложен,в долгий ящик.,"Светлана Макунина. Для Олега Шеина закрыли Госдуму // РБК Дейли, 24.04.2012",Светлана Макунина,Для Олега Шеина закрыли Госдуму,2012,NA,комментарий,"Законопроект, допускающий передачу депутатского мандата любому кандидату из избирательного списка партии без привязки к региональному списку, отложен в долгий ящик."
долгий,ФКС от Минэкономразвития также не будет,отложена,в долгий ящик.,"Анастасия Литвинова Татьяна Кособокова. К 1 сентября ФАС и МЭР представят консолидированный проект будущего госзакупок // РБК Daily, 29.03.2011",Анастасия Литвинова Татьяна Кособокова,К 1 сентября ФАС и МЭР представят консолидированный проект будущего госзакупок,2011,NA,статья,Между тем идея ФКС от Минэкономразвития также не будет отложена в долгий ящик.
долгий,"прогноз, что, скорее всего, эти стандарты",отложат,вдолгий ящик.,"Анна Лялякина. Закон против старшеклассников // Труд-7, 01.03.2011",Анна Лялякина,Закон против старшеклассников,2011,NA,комментарий,"Эксперт дает прогноз, что, скорее всего, эти стандарты отложат вдолгий ящик."
долгий,"не столь широко известное, связано с",отложенной,в долгий ящик рыночной реформой финансов,"Цена вопроса // Коммерсант, 23.11.2010",NA,Цена вопроса,2010,NA,статья,"А вот предубеждение, не столь широко известное, связано с отложенной в долгий ящик рыночной реформой финансов КНР."
долгий,В декабре прошлого года этот проект,отложили,"в долгий ящик, а в своих","Британия установит слежку за своими гражданами // Vesti.ru, 24.10.2010",NA,Британия установит слежку за своими гражданами,2010,NA,заметка,"В декабре прошлого года этот проект отложили в долгий ящик, а в своих предвыборных лозунгах консерваторы и вовсе обещали британцам покончить с этой затеей."
долгий,"клянутся, что эти деньги были просто",отложены,в долгий ящик и ждали весны,"Николай ВАРСЕГОВ. Превращая Листвянку в Канары, мэр поселка попала на нары // Комсомольская правда, 06.10.2010",Николай ВАРСЕГОВ,"Превращая Листвянку в Канары, мэр поселка попала на нары",2010,NA,неопределенная категория,"Юристы Татьяны Васильевны клянутся, что эти деньги были просто отложены в долгий ящик и ждали весны, когда на них можно будет ремонтировать отопительную трубу."
долгий,"для проведения форума все готово, и",отложить,в долгий ящик вопрос о том,"Дарья Неклюдова. Ким Чен Ир пропал накануне исторического партийного форума // Новый регион 2, 14.09.2010",Дарья Неклюдова,Ким Чен Ир пропал накануне исторического партийного форума,2010,NA,комментарий,"При этом наблюдатели сходятся во мнении, что разгадка очередной тайны Ким Чен Ира должна быть получена скоро, так как для проведения форума все готово, и отложить в долгий ящик вопрос о том, где Ким Чен Ир, в этой ситуации вряд ли удастся."
долгий,"качества нефти, проект которого, кажется, был",отложен,в долгий ящик.,"Елена Батурина. Нефтезадача // Коммерсант, 27.08.2010",Елена Батурина,Нефтезадача,2010,NA,статья,"Так, некоторые участники рынка полагают, что федеральное правительство в качестве «подарка» введет, наконец, в России долгожданный банк качества нефти, проект которого, кажется, был отложен в долгий ящик."
долгий,специальной высокоскоростной железной дороги был опять,отложен,"в долгий ящик, но ОАО РЖД","Их не догонят // Коммерсант, 26.05.2010",NA,Их не догонят,2010,NA,статья,"По накатанной колее   «Сапсан» изначально планировали собирать в России, но поезд так и остался исключительно немецким  Фото: Александр Коряков, Коммерсантъ  Проект специальной высокоскоростной железной дороги был опять отложен в долгий ящик, но ОАО РЖД начало ряд проектов по скоростному движению на существующих путях."
долгий,"нищем Дагестане развитие вместо новых боев,",отложен,"в долгий ящик, пишет корреспондент Саймон","Ольга Радько. Взвешенный подход к борьбе с инсургентским движением в России отложен // Новый регион 2, 16.04.2010",Ольга Радько,Взвешенный подход к борьбе с инсургентским движением в России отложен,2010,NA,комментарий,"Более взвешенный подход к борьбе с инсургентским движением в России, обещавший обеспечить в нищем Дагестане развитие вместо новых боев, отложен в долгий ящик, пишет корреспондент Саймон Шустер в статье, опубликованной в Time."
долгий,проблема реструктуризации убыточных производств вновь будет,отложена,"вдолгий ящик, аэти увольнения","Зайниев Антон. 350 тысяч россиян останутся без работы до начала майских праздников // Труд-7, 07.04.2010",Зайниев Антон,350 тысяч россиян останутся без работы до начала майских праздников,2010,NA,комментарий,"Втаком случае проблема реструктуризации убыточных производств вновь будет отложена вдолгий ящик, аэти увольнения проявятся уже через полгода-год."
долгий,"опасение участников рынка, что проект вновь",отложат,в долгий ящик.,"Анна Ануфриева. Полиграфисты получили обещанное // РБК Daily, 01.03.2010",Анна Ануфриева,Полиграфисты получили обещанное,2010,NA,комментарий,"Это усилило опасение участников рынка, что проект вновь отложат в долгий ящик."
долгий,для размещения на подлодках) «Синева» или,отложенного,в долгий ящик проекта «Барк» (твердотопливной,"Дарья Неклюдова. Испытания «Булавы» отложены // Новый регион 2, 15.12.2009",Дарья Неклюдова,Испытания «Булавы» отложены,2009,NA,неопределенная категория,"В последнее время эксперты заговорили о возможном отказе от «Булавы» в пользу ее жидкостного конкурента БРПЛ (баллистической ракеты, предназначенной для размещения на подлодках) «Синева» или отложенного в долгий ящик проекта «Барк» (твердотопливной баллистической ракеты, предназначенной для размещения на подлодках)."
долгий,"Водолеи, кое-какие задания,",отложенные,"вдолгий ящик, перешли вразряд","Прогноз астролога Павла Глобы // Труд-7, 01.12.2009",NA,Прогноз астролога Павла Глобы,2009,NA,гороскоп,"Водолеи, кое-какие задания, отложенные вдолгий ящик, перешли вразряд срочных итребуют вмешательства."
долгий,"актуален», поэтому его одобрение не будет",отложено,в долгий ящик.,"Елена Фомина. Трансфертные цены приравняют к рыночным // РБК Daily, 02.11.2009",Елена Фомина,Трансфертные цены приравняют к рыночным,2009,NA,комментарий,"Документ, по мнению источника, «очень актуален», поэтому его одобрение не будет отложено в долгий ящик."
долгий,не стоит на повестке дня и,отложен,"в"" долгий ящик "",―серьезных препятствий для","Алексей Фаезов. Новый генсек НАТО: об Афганистане, России и расширении альянса // РИА Новости, 03.08.2009",Алексей Фаезов,"Новый генсек НАТО: об Афганистане, России и расширении альянса",2009,NA,отчет,"А после того, как Расмуссен заявил о том, что вопрос вступления в НАТО Грузии и Украины фактически не стоит на повестке дня и отложен в"" долгий ящик "",―серьезных препятствий для развития отношений альянса с Россией нет"",―сказал он."
долгий,кризиса финансирования проект БЭМО может быть,отложен,в долгий ящик.,"Леонид Хомерики. Товарищи по достройке // РБК Daily, 27.01.2009",Леонид Хомерики,Товарищи по достройке,2009,NA,комментарий,"Таким образом, по словам г-на Сосновского, в условиях кризиса финансирования проект БЭМО может быть отложен в долгий ящик."
долгий,"решения, идеи и предложения, пришедшие сегодня,",отложите,в долгий ящик.,"Глоба Павел. 22 СЕНТЯБРЯ // Труд-7, 22.09.2008",Глоба Павел,22 СЕНТЯБРЯ,2008,NA,гороскоп,"Весы, решения, идеи и предложения, пришедшие сегодня, отложите в долгий ящик."
долгий,Дело будет,отложено,"в долгий ящик, потому что это","Екатерина Поспелова. Рынок растет // РБК Daily, 12.09.2008",Екатерина Поспелова,Рынок растет,2008,NA,комментарий,"Дело будет отложено в долгий ящик, потому что это играет сильно против Минфина», – отметил г-н Наумов."
долгий,провал грузинского блицкрига в Южной Осетии,отложил,в долгий ящик планы военного решения,"Гагик Багдасарян. Есть ли потепление между Анкарой и Ереваном? // РИА Новости, 09.09.2008",Гагик Багдасарян,Есть ли потепление между Анкарой и Ереваном?,2008,NA,статья,"Хотя многие армянские аналитики считают, что провал грузинского блицкрига в Южной Осетии отложил в долгий ящик планы военного решения карабахского конфликта, тем не менее, ни у кого нет гарантий, что Азербайджан полностью отказался от силового решения проблемы."
долгий,"угла собственные интересы, а пожелания заказчиков",отложите,"в долгий ящик, то из фрилансера","Петухов Никита. ЛЕГКО ЛИ РАБОТАТЬ НА СЕБЯ // Труд-7, 01.08.2008",Петухов Никита,ЛЕГКО ЛИ РАБОТАТЬ НА СЕБЯ,2008,NA,статья,"Но если вы поставите во главу угла собственные интересы, а пожелания заказчиков отложите в долгий ящик, то из фрилансера быстро превратитесь в обычного безработного."
долгий,"Правда, их вариант",отложен,в долгий ящик.,"Шевченко Алексей. В ЕВРОПЕ НАЧАЛАСЬ АРШАВИНОМАНИЯ // Труд-7, 23.06.2008",Шевченко Алексей,В ЕВРОПЕ НАЧАЛАСЬ АРШАВИНОМАНИЯ,2008,NA,комментарий,"Правда, их вариант отложен в долгий ящик."
долгий,"По слухам, его просьбы пока",отложены,в долгий ящик.,"Чубайс может стать сенатором от Свердловской области в Совете Федерации! – Самые крутые слухи недели // Новый регион 2, 23.06.2008",NA,Чубайс может стать сенатором от Свердловской области в Совете Федерации! – Самые крутые слухи недели,2008,NA,неопределенная категория,"По слухам, его просьбы пока отложены в долгий ящик."
долгий,Этот проект,отложен,в долгий ящик?,"«На телерынке инвестиции —  далеко не решающий фактор» // Коммерсант, 06.06.2008",NA,«На телерынке инвестиции —  далеко не решающий фактор»,2008,NA,интервью,Этот проект отложен в долгий ящик?
долгий,после смены власти в Киеве была,отложена,"в долгий ящик"".","Консорциум во имя «Газового мира» // РИА Новости, 22.02.2008",NA,Консорциум во имя «Газового мира»,2008,NA,статья,"Эта идея обсуждалась давно, однако, после смены власти в Киеве была отложена ""в долгий ящик""."
долгий,Южная Африка недавно,отложила,в долгий ящик запланированное производство биотоплива,"Перевод Татьяны Глазковой. Биотопливо вредит климату // РБК Daily, 14.02.2008",Перевод Татьяны Глазковой,Биотопливо вредит климату,2008,NA,заметка,"Южная Африка недавно отложила в долгий ящик запланированное производство биотоплива из кукурузы, поскольку этот злак является основным продуктом питания в первую очередь для бедных семей."
долгий,"Сейчас, когда лигочемпионские амбиции обеих команд",отложены,"в долгий ящик, ""Локо"" не без","Юрий Дудь. Локомотив» снова сошел с рельсов // Известия, 24.12.2007",Юрий Дудь,Локомотив» снова сошел с рельсов,2007,NA,неопределенная категория,"Сейчас, когда лигочемпионские амбиции обеих команд отложены в долгий ящик, ""Локо"" не без труда пробивается в групповой турнир Кубка УЕФА, а каталонцы кошмарно стартуют в национальном первенстве."
долгий,"партнерстве и сотрудничестве (СПС), который был",отложен,в долгий ящик из-за конфликта Москвы,"В Португалии проходит «самый странный» саммит Россия – ЕС // Новый регион 2, 26.10.2007",NA,В Португалии проходит «самый странный» саммит Россия – ЕС,2007,NA,неопределенная категория,"Не заводят уже речь дипломаты и о заключении взамен истекающему в 2007 году нового соглашения ЕС и РФ о партнерстве и сотрудничестве (СПС), который был отложен в долгий ящик из-за конфликта Москвы с Польшей и странами Балтии, пишет newsru.com."
долгий,"собрание в виде законопроекта, может быть",отложена,в долгий ящик.,"Асфальтовое гетто // Коммерсант, 13.10.2007",NA,Асфальтовое гетто,2007,NA,статья,"Горожане раскритиковали правительственную программу поквартальной реконструкции хрущевок  Программа реконструкции домов первых массовых серий, одобренная в середине сентября городским правительством и внесенная вчера в Законодательное собрание в виде законопроекта, может быть отложена в долгий ящик."
долгий,нужны (хотя неужели идея силового звена,отложена,в долгий ящик?).,"обозреватель «Советского спорта» Юрий Цыбанев. Буровая установка Быкова. Чем удивила сборная России на Ходынке // Советский спорт, 18.12.2006",обозреватель «Советского спорта» Юрий Цыбанев,Буровая установка Быкова. Чем удивила сборная России на Ходынке,2006,NA,комментарий,"Грубо говоря, яркие тройки Быкову пока особо и не нужны (хотя неужели идея силового звена отложена в долгий ящик?)."
долгий,"помогла Партии регионов победить на выборах,",отложен,в долгий ящик.,"Украина впадает в кризис // РБК Daily, 15.12.2006",NA,Украина впадает в кризис,2006,NA,неопределенная категория,"Референдум по НАТО, идея которого помогла Партии регионов победить на выборах, отложен в долгий ящик."
долгий,"стратегией России, считая, что это вновь",отложит,в долгий ящик процесс расширения КТК.,"Вайнштоку отдали КТК // РБК Daily, 04.12.2006",NA,Вайнштоку отдали КТК,2006,NA,комментарий,"Иностранные акционеры КТК недовольны такой стратегией России, считая, что это вновь отложит в долгий ящик процесс расширения КТК."
долгий,в южную Европу―Южно-Европейский газопровод―будет,отложен,в долгий ящик.,"«Газпром» примеряет Nabucco // РБК Daily, 05.10.2006",NA,«Газпром» примеряет Nabucco,2006,NA,комментарий,"Впрочем, это не означает, что альтернативный проект по доставке газа в южную Европу―Южно-Европейский газопровод―будет отложен в долгий ящик."
долгий,"с Ковыктинским месторождением, разработку которого придется",отложить,"в долгий ящик»,―отмечает он.","«Газпрому» мало нефти // РБК Daily, 29.09.2006",NA,«Газпрому» мало нефти,2006,NA,комментарий,"В первую очередь это связано с Ковыктинским месторождением, разработку которого придется отложить в долгий ящик»,―отмечает он."
долгий,"вопрос не решится, он вновь будет",отложен,в долгий ящик.,"Татьяна Фроловская. Россия откажется от обязательств перед торговыми партнерами // РБК Daily, 05.07.2006",Татьяна Фроловская,Россия откажется от обязательств перед торговыми партнерами,2006,NA,статья,"Ведь если до саммита вопрос не решится, он вновь будет отложен в долгий ящик."
долгий,"еще в 2001 году, снова будет",отложено,в долгий ящик.,"Алексеев Владимир. ЗВОНОК ДЛЯ «МЕГАФОНА» // Труд-7, 31.05.2006",Алексеев Владимир,ЗВОНОК ДЛЯ «МЕГАФОНА»,2006,NA,комментарий,"Зато совершенно понятно, что первичное размещение акций на международных торговых площадках―IPOС, запланированное акционерами ""Мегафона"" еще в 2001 году, снова будет отложено в долгий ящик."
долгий,"исключено, что документ МЭРТа может быть",отложен,"в долгий ящик, а разработкой кластерной","Россия перешла в подготовительный кластер // Коммерсант, 24.03.2006",NA,Россия перешла в подготовительный кластер,2006,NA,статья,"Но, как стало известно Ъ, не исключено, что документ МЭРТа может быть отложен в долгий ящик, а разработкой кластерной стратегии займется Госсовет РФ."
долгий,Проблема палестинских беженцев,отложена,в долгий ящик.,"Сегодня проходят выборы в парламент Палестины // Новый регион 2, 25.01.2006",NA,Сегодня проходят выборы в парламент Палестины,2006,NA,информационное сообщение,Проблема палестинских беженцев отложена в долгий ящик.
долгий,на рынок оказывают макроэкономические новости: правительство,отложило,в долгий ящик идею радикального снижения,"Осторожно: электронная почта // Ведомости, 2005.03.15",NA,Осторожно: электронная почта,2005,NA,комментарий,"Понижательное давление на рынок оказывают макроэкономические новости: правительство отложило в долгий ящик идею радикального снижения ставки НДС, а инициатива предпринимателей об отмене импортной пошлины на оборудование и снижении ставки ЕСН не нашла поддержки в Бюджетной комиссии”, – отмечает Павел Ворожцов, аналитик ИК “Русские финансовые традиции”."
долгий,программ в сфере здравоохранения не будет,отложена,"в долгий ящик, она начнется со","Приоритетом в здравоохранении станет первичная медицина // Vesti.ru, 27.09.2005",NA,Приоритетом в здравоохранении станет первичная медицина,2005,NA,комментарий,"Путин отметил, что ""реализация программ в сфере здравоохранения не будет отложена в долгий ящик, она начнется со следующего года""."
долгий,партии Шредера на выборах СЕГ будет,отложен,в долгий ящик.,"Колчанов Рудольф. ЕВРОПЕЙСКИЙ МАРШРУТ // Труд-7, 09.09.2005",Колчанов Рудольф,ЕВРОПЕЙСКИЙ МАРШРУТ,2005,NA,статья,"Ряд польских политиков надеется, что проект в случае проигрыша партии Шредера на выборах СЕГ будет отложен в долгий ящик."
долгий,назначении главы свердловского исполкома «Единой России»,отложено,"в «долгий ящик», до лучших времен.","Итоговый выпуск (вечерний) – 28.06.05 18:30 – Екатеринбург // Новый регион 2, 29.06.2005",NA,Итоговый выпуск (вечерний) – 28.06.05 18:30 – Екатеринбург,2005,NA,неопределенная категория,"Поэтому решение о назначении главы свердловского исполкома «Единой России» отложено в «долгий ящик», до лучших времен."
долгий,обычно ответных вариантов два: пообещать и,отложить,в долгий ящик или терпеливо убеждать,"Шевелев Владимир. БРАК ПО РАСЧЕТУ // Труд-7, 20.05.2005",Шевелев Владимир,БРАК ПО РАСЧЕТУ,2005,NA,неопределенная категория,"У ""большого брата"" обычно ответных вариантов два: пообещать и отложить в долгий ящик или терпеливо убеждать ""малыша"" умерить аппетиты."
долгий,и среднего бизнеса снова могут быть,отложены,"в ""долгий ящик"".","Российская экономика: мысли о будущем // Известия, 27.04.2005",NA,Российская экономика: мысли о будущем,2005,NA,статья,"А это значит, что инициативы по развитию малого и среднего бизнеса снова могут быть отложены в ""долгий ящик""."
долгий,Однако в дальнейшем проект был,отложен,"в «долгий ящик», а «Сургутнефтегаз» стал","Дмитрий Коптюбенко. «Сургутнефтегаз» разбивает копилку // РБК Daily, 26.11.2004",Дмитрий Коптюбенко,«Сургутнефтегаз» разбивает копилку,2004,NA,заметка,"Однако в дальнейшем проект был отложен в «долгий ящик», а «Сургутнефтегаз» стал проявлять интерес к белорусским активам в этой отрасли, в частности, к предприятиям «Полимир» и «Нафтан», которые готовились к приватизации."
долгий,―,Отложили,в долгий ящик.,"Пресс-дайджест по государствам СНГ и Балтии за четверг, 15 апреля // РИА Новости, 15.04.2004",NA,"Пресс-дайджест по государствам СНГ и Балтии за четверг, 15 апреля",2004,NA,неопределенная категория,Отложили в долгий ящик.
долгий,Пока проблему,отложили,"в долгий ящик, но рано или","Гусейнов Рафаэль. СКОЛЬКО ВЕСИТ КОШЕЛЕК ЕВРОДЕПУТАТА // Труд-7, 08.04.2004",Гусейнов Рафаэль,СКОЛЬКО ВЕСИТ КОШЕЛЕК ЕВРОДЕПУТАТА,2004,NA,неопределенная категория,"Пока проблему отложили в долгий ящик, но рано или поздно решать ее все-таки придется."
долгий,Реформирование НДС,отложено,в долгий ящик.,"Иван Трегубов. Налоговая реформа пойдет иным путем // РБК Daily, 18.03.2004",Иван Трегубов,Налоговая реформа пойдет иным путем,2004,NA,комментарий,Реформирование НДС отложено в долгий ящик.
долгий,не получит правительственной поддержки и будет,отложен,в долгий ящик.,"Гости от Андрея Андреева // Ведомости, 2003.04.18",NA,Гости от Андрея Андреева,2003,NA,неопределенная категория,"Накануне многие наблюдатели прогнозировали, что мурманский проект не получит правительственной поддержки и будет отложен в долгий ящик."
долгий,принятие новой резолюции вряд ли будет,отложено,в долгий ящик.,"Провинция займется фитнесом // Ведомости, 2003.04.15",NA,Провинция займется фитнесом,2003,NA,неопределенная категория,"И хотя дата заседания Совбеза ООН еще не определена, принятие новой резолюции вряд ли будет отложено в долгий ящик."
долгий,"парламент, надеюсь, это тоже не будет",отложено,"в долгий ящик"".","Владимир Путин призывает не затягивать с выборами в парламент Чечни // Vesti.ru, 06.10.2003",NA,Владимир Путин призывает не затягивать с выборами в парламент Чечни,2003,NA,заметка,"Надо помочь Чечне избрать свой парламент, надеюсь, это тоже не будет отложено в долгий ящик""."
долгий,Законопроект,отложили,в долгий ящик до осени.,"Сидоров Анатолий. ДВА ПОЛЕНА // Труд-7, 02.10.2003",Сидоров Анатолий,ДВА ПОЛЕНА,2003,NA,неопределенная категория,Законопроект отложили в долгий ящик до осени.
долгий,"Ирак, разговор о его суверенитете придется",отложить,в долгий ящик.,"Олег ШЕВЦОВ. Кто заложил бомбу под ООН в Багдаде? // Комсомольская правда, 20.08.2003",Олег ШЕВЦОВ,Кто заложил бомбу под ООН в Багдаде?,2003,NA,неопределенная категория,"Теперь, когда волна терактов захлестнула Ирак, разговор о его суверенитете придется отложить в долгий ящик."
долгий,"Восточной Европы, а также Турции пока",отложен,в долгий ящик.,"Новая Европа идет за Америкой // Коммерсант, 17.04.2003",NA,Новая Европа идет за Америкой,2003,NA,комментарий,"Однако жесткие экономические требования, предъявленные к кандидатам на членство в Евросоюзе нынешними лидерами блока, отсеяли значительное число новобранцев: так, вопрос о вступлении в ЕС Болгарии, Румынии, Хорватии, Украины и некоторых других стран Восточной Европы, а также Турции пока отложен в долгий ящик."
долгий,Производные финансовые инструменты,отложили,в долгий ящик   Между сторонниками и,"Вчера // Коммерсант, 19.07.2002",NA,Вчера,2002,NA,хроника,"Производные финансовые инструменты отложили в долгий ящик   Между сторонниками и противниками единого закона ""О производных финансовых инструментах"" вновь разразился скандал."
долгий,А почему вы,отложили,в долгий ящик вопрос о введении,"Александр ГАМОВ. Госсекретарь Союза Белоруссии и России Павел Бородин: Россия и Белоруссия еще построят дорогу от Токио до Лондона! // Комсомольская правда, 15.05.2002",Александр ГАМОВ,Госсекретарь Союза Белоруссии и России Павел Бородин: Россия и Белоруссия еще построят дорогу от Токио до Лондона!,2002,NA,неопределенная категория,А почему вы отложили в долгий ящик вопрос о введении единой валюты?
долгий,"что вопрос о подержанных иномарках, по-видимому,",отложен,в долгий ящик.,"Михаил Касьянов защитил больных и перевозчиков // Коммерсант, 17.01.2002",NA,Михаил Касьянов защитил больных и перевозчиков,2002,NA,комментарий,"Так что вопрос о подержанных иномарках, по-видимому, отложен в долгий ящик."
долгий,Большинство отечественных высокотехнологичных компаний,отложили,в долгий ящик планы выхода на,"Взгляд из Сети // Ведомости, 2001.04.24",NA,Взгляд из Сети,2001,NA,статья,Большинство отечественных высокотехнологичных компаний отложили в долгий ящик планы выхода на западные фондовые рынки.
дальний,нас с мужем секс давно уже,отложен,в «дальний ящик».,"Светлана КОСТЕНКО, Стас ТЫРКИН, Елена ЛЕВИНА и Олеся НОСОВА. Все женщины делают ЭТО // Комсомольская правда, 20.10.2001","Светлана КОСТЕНКО, Стас ТЫРКИН, Елена ЛЕВИНА и Олеся НОСОВА",Все женщины делают ЭТО,2001,NA,неопределенная категория,У нас с мужем секс давно уже отложен в «дальний ящик».
долгий,Встреча Путина с Бушем,отложена,в долгий ящик.,"Никонов Вячеслав президент фонда «Политика». ХОЛОДНАЯ ВОЙНА» С ТЕНЬЮ // Труд-7, 03.04.2001",Никонов Вячеслав президент фонда «Политика»,ХОЛОДНАЯ ВОЙНА» С ТЕНЬЮ,2001,NA,комментарий,Встреча Путина с Бушем отложена в долгий ящик.
долгий,"взаимоотношений ""Газпрома"" и компании ""Итера"", практически",отложено,"в ""долгий ящик"".","Совет директоров «Газпрома» не согласился с миноритарными акционерами // Lenta.ru, 21.03.2001",NA,Совет директоров «Газпрома» не согласился с миноритарными акционерами,2001,NA,информационное сообщение,"Как отмечают эксперты, решение наиболее острых вопросов, касающихся, например, взаимоотношений ""Газпрома"" и компании ""Итера"", практически отложено в ""долгий ящик""."
долгий,сделал весьма реалистичную оговорку: мирные переговоры,отложены,"в долгий ящик и возобновятся, видимо","Степанов Андрей. КАВАЛЕРИЙСКИЙ РЕЙД КОЛИНА ПАУЭЛЛА // Труд-7, 27.02.2001",Степанов Андрей,КАВАЛЕРИЙСКИЙ РЕЙД КОЛИНА ПАУЭЛЛА,2001,NA,неопределенная категория,"Правда, тут же сделал весьма реалистичную оговорку: мирные переговоры отложены в долгий ящик и возобновятся, видимо, еще не скоро."
долгий,Потому дело,отложили,в долгий ящик…,"Чего нам ждать от Путина в 2001 году? // Комсомольская правда, 24.01.2001",NA,Чего нам ждать от Путина в 2001 году?,2001,NA,статья,Потому дело отложили в долгий ящик…
долгий,Проект,отложен,в долгий ящик,"Путина заинтересовали smart-cards // Ведомости, 2000.04.26",NA,Путина заинтересовали smart-cards,2000,NA,комментарий,Проект отложен в долгий ящик
долгий,"время прикрыл московскую фиесту, но и",отложил,"в долгий ящик выход ""Студии 54","За МЕНАТЕП платят // Ведомости, 2000.04.19",NA,За МЕНАТЕП платят,2000,NA,неопределенная категория,"Середина 90-х равнялась на эту эпоху легких денег и амфетаминового веселья, однако кризис 1998 г. не только на время прикрыл московскую фиесту, но и отложил в долгий ящик выход ""Студии 54""―и в результате легендарный клуб российский зритель впервые увидел в фильме Спайка Ли ""Лето Сэма""."
долгий,"экономическую помощь, а решение территориальной проблемы «",отложить,в долгий ящик».,"Александр Панов. Успех или тупик? // Независимая газета (приложение «Дипкурьер НГ»), 18.05.2000",Александр Панов,Успех или тупик?,2000,NA,статья,"Довольно широко в Японии распространено мнение, что Россия хочет лишь получить японскую экономическую помощь, а решение территориальной проблемы «отложить в долгий ящик»."
долгий,В этом случае их проведение лучше,отложить,"в долгий ящик, что можно сделать","Игорь Тарутин. Мугабе уговаривают навести порядок // Независимая газета, 25.04.2000",Игорь Тарутин,Мугабе уговаривают навести порядок,2000,NA,статья,"В этом случае их проведение лучше отложить в долгий ящик, что можно сделать, объявив чрезвычайное положение в связи с беспорядками."
долгий,"создании Совета экономического взаимодействия, оно было",отложено,в долгий ящик (заявление Кириенко 20,"Аналитическая записка // Независимая газета (приложение «НГ-Сценарии»), 08.07.1998",обобщенный,Аналитическая записка,1998,NA,обзор,"Столь мощные аппетиты олигархов резко дисгармонировали с планами верховной власти, поэтому, несмотря на пропагандистскую шумиху вокруг предложения о создании Совета экономического взаимодействия, оно было отложено в долгий ящик (заявление Кириенко 20 июня)."
долгий,"министр Евгений Сапиро решил, видимо, концепцию",отложить,в долгий ящик.,"Наталия Пулина. Кабинетные проекты и жизнь за окном // Независимая газета, 30.05.1998",Наталия Пулина,Кабинетные проекты и жизнь за окном,1998,NA,статья,"Тем более что новый министр Евгений Сапиро решил, видимо, концепцию отложить в долгий ящик."
долгий,"и 16-го полезно завершить все дела,",отложенные,в долгий ящик.,"Татьяна Корниловская. [Предстоящая неделя декабря нас порадует…] // Московский комсомолец, 14.12.1997",Татьяна Корниловская,[Предстоящая неделя декабря нас порадует…],1997,NA,гороскоп,"15-го и 16-го полезно завершить все дела, отложенные в долгий ящик."
долгий,с бурными экономическими преобразованиями дело было,отложено,в долгий ящик.,"Светлана Марзеева, Юлия Ульянова. Зачем Минюсту тюрьмы? // Известия, 16.08.1997","Светлана Марзеева, Юлия Ульянова",Зачем Минюсту тюрьмы?,1997,NA,статья,Но в связи с бурными экономическими преобразованиями дело было отложено в долгий ящик.
долгий,"Лев должен доделать все дела,",отложенные,"в долгий ящик, особенно по работе.","Татьяна Корниловская. [Предстоящая неделя будет насыщена событиями…] // Московский комсомолец, 12.07.1997",Татьяна Корниловская,[Предстоящая неделя будет насыщена событиями…],1997,NA,гороскоп,"Лев должен доделать все дела, отложенные в долгий ящик, особенно по работе."
долгий,"18-го и 19-го стоит завершить дела,",отложенные,в долгий ящик.,"Татьяна Корниловская. [Предстоящая неделя будет насыщена событиями…] // Московский комсомолец, 12.07.1997",Татьяна Корниловская,[Предстоящая неделя будет насыщена событиями…],1997,NA,гороскоп,"18-го и 19-го стоит завершить дела, отложенные в долгий ящик."
долгий,Теперь же по прихоти Вашингтона сделки,отложены,"в долгий ящик, фактически сорваны.","Владимир Катин. Удар по интересам старого света. Европейские страны понесли ущерб в результате бомбардировок Ирака // Независимая газета, 06.09.1996",Владимир Катин,Удар по интересам старого света. Европейские страны понесли ущерб в результате бомбардировок Ирака,1996,NA,статья,"Теперь же по прихоти Вашингтона сделки отложены в долгий ящик, фактически сорваны."
дальний,"госпрограмме приватизации, учитывая взгляды оппозиции, следует",отложить,в дальний ящик.,"Сергей Бурков. Игры с собственностью. Законодательный вакуум в приватизационном процессе // Независимая газета, 29.08.1996",Сергей Бурков,Игры с собственностью. Законодательный вакуум в приватизационном процессе,1996,NA,статья,"Надежды решить эту проблему через закон о госпрограмме приватизации, учитывая взгляды оппозиции, следует отложить в дальний ящик."
долгий,Проведение реформ было,отложено,в долгий ящик.,"ЧИТАТЕЛЬ СПРАШИВАЕТ. ФКП - влиятельная политическая сила // Аргументы и факты, 1985.04.02",NA,ЧИТАТЕЛЬ СПРАШИВАЕТ. ФКП - влиятельная политическая сила,1985,NA,статья,Проведение реформ было отложено в долгий ящик.
долгий,"единодушному мнению печати, реформы и преобразования",отложены,в долгий ящик.,"ФРАНЦИЯ. В УГОДУ «АТЛАНТИЧЕСКОЙ СОЛИДАРНОСТИ» // Аргументы и факты, 1983.06.14",NA,ФРАНЦИЯ. В УГОДУ «АТЛАНТИЧЕСКОЙ СОЛИДАРНОСТИ»,1983,NA,статья,"Теперь, по единодушному мнению печати, реформы и преобразования отложены в долгий ящик."
долгий,"работать системным администратором, инженером-проектировщиком, электромехаником,",отложив,в долгий ящик любимые занятия.,"Из технарей – в звонари // «Вечерний Волгоград», 02.11.2017",неизвестный,Из технарей – в звонари,2017,публицистика | нехудожественная,интервью,"Тогда мне пришлось работать системным администратором, инженером-проектировщиком, электромехаником, отложив в долгий ящик любимые занятия."
долгий,Звезды советуют СКОРПИОНУ заняться,отложенными,в долгий ящик делами.,"11 - 12 февраля 2016 года // «Вечерняя Казань», 11.02.2016",NA,11 - 12 февраля 2016 года,2016,публицистика | нехудожественная,гороскоп,Звезды советуют СКОРПИОНУ заняться отложенными в долгий ящик делами.
долгий,КОЗЕРОГУ придется вернуться к,отложенным,в долгий ящик делам.,"19 - 20 января 2016 года // «Вечерняя Казань», 19.01.2016",NA,19 - 20 января 2016 года,2016,публицистика | нехудожественная,гороскоп,КОЗЕРОГУ придется вернуться к отложенным в долгий ящик делам.
долгий,"на тех товарах, покупку которых можно",отложить,в долгий ящик: бытовой технике и,"Алёна Дамбаева. Битвы за покупателя за прилавком и онлайн // «Ульяновская правда», 13.11.2015",Алёна Дамбаева,Битвы за покупателя за прилавком и онлайн,2015,публицистика | нехудожественная,статья,"Больнее всего это бьет по непродовольственной рознице, ведь экономить люди начинают в первую очередь на тех товарах, покупку которых можно отложить в долгий ящик: бытовой технике и электронике, мебели, одежде и прочих вещах."
долгий,NA,Отложенное,в долгий ящик дело может помешать,"5 - 7 сентября 2015 года // «Вечерняя Казань», 05.09.2015",NA,5 - 7 сентября 2015 года,2015,публицистика | нехудожественная,гороскоп,Отложенное в долгий ящик дело может помешать планам БЛИЗНЕЦОВ.
долгий,"Забудьте о проблемах родственников, ВЕСЫ, займитесь",отложенными,в долгий ящик делами.,"3 - 4 марта 2015 года // «Вечерняя Казань», 03.03.2015",NA,3 - 4 марта 2015 года,2015,публицистика | нехудожественная,гороскоп,"Забудьте о проблемах родственников, ВЕСЫ, займитесь отложенными в долгий ящик делами."
долгий,NA,Отложенные,в долгий ящик дела заставят БЛИЗНЕЦОВ,"14 - 16 февраля 2015 года // «Вечерняя Казань», 14.02.2015",NA,14 - 16 февраля 2015 года,2015,публицистика | нехудожественная,гороскоп,Отложенные в долгий ящик дела заставят БЛИЗНЕЦОВ пересмотреть ближайшие планы.
долгий,"Теперь, из-за финансовых сложностей, проект",отложен,в долгий ящик.,Александр Пирогов. Тот самый! (2021),Александр Пирогов,Тот самый!,2021,публицистика,пост,"Теперь, из-за финансовых сложностей, проект отложен в долгий ящик."
долгий,One plus придётся,отложить,в долгий ящик из-за ценников,Rozetked Discuss. telegram Rozetked Discuss (06.04.2020),Rozetked Discuss,telegram Rozetked Discuss,2020,NA,пост,One plus придётся отложить в долгий ящик из-за ценников
долгий,"ощутить запах, увидеть закрытыми глазами, потом",отложить,в долгий ящик где-то зафиксировав (либо,Андрей Анцибор. Бизнес. Реклама (2019),Андрей Анцибор,Бизнес. Реклама,2019,электронная коммуникация,пост,"Суть такая ― достаточно просто сильно захотеть чего-то, представить это, пощупать в мыслях, ощутить запах, увидеть закрытыми глазами, потом отложить в долгий ящик где-то зафиксировав (либо просто на бумаге, либо на доске желаний) и рано или поздно у вас это будет."
долгий,"соответствие заявленной стали (s35vn), да пока",отложил,"в долгий ящик, ибо уже понял",Ножи. Часть 1. (2007-2016),коллективный,Ножи. Часть 1.,2007,электронная коммуникация,комментарий,"думал одного толкового китайца проверить на соответствие заявленной стали (s35vn), да пока отложил в долгий ящик, ибо уже понял что недешево)"
долгий,Моя идея фикс была,отложена,в долгий ящик.,vk (05.06.2016),NA,vk,2016,NA,пост,Моя идея фикс была отложена в долгий ящик.
долгий,мы выбрали для вас лучшее из,отложенного,"в ДОЛГИЙ ЯЩИК"".",vk (21.04.2016),NA,vk,2016,NA,пост,"Порывшись в архивных записях, мы выбрали для вас лучшее из отложенного в ДОЛГИЙ ЯЩИК""."
долгий,"Warner Bros"" и запись песни пришлось",отложить,в долгий ящик.,vk (17.01.2016),NA,vk,2016,NA,пост,"Но они не смогли получить разрешение на использование сэмпла от компании ""Warner Bros"" и запись песни пришлось отложить в долгий ящик."
долгий,"был придуман весной 2013, но затем",отложен,в «долгий ящик».,vk (14.10.2015),NA,vk,2015,NA,пост,"История песни такова – основной мотив был придуман весной 2013, но затем отложен в «долгий ящик»."
долгий,"ввиду работа по дому, которую вы",отложили,в долгий ящик.,vk (22.09.2014),NA,vk,2014,NA,пост,"Имеется ввиду работа по дому, которую вы отложили в долгий ящик."
дальний,"Просто прощай,",отложи,в дальний ящик стола Кучу ненужных,vk (09.09.2014),NA,vk,2014,NA,пост,"Просто прощай, отложи в дальний ящик стола Кучу ненужных, просроченных словом заметок, С верою в то, что опять ничего не смогла."
долгий,"после YouLead 2013, ведь я не",отложила,в долгий ящик все классные идеи,vk (13.08.2014),NA,vk,2014,NA,пост,"Жизнь моя круто повернулась после YouLead 2013, ведь я не отложила в долгий ящик все классные идеи, услышанные мной за три дня."
долгий,"нам таки удалось посмотреть, казалось бы,",отложенный,в долгий ящик фильм Ингмара Бергмана,vk (29.06.2014),NA,vk,2014,NA,пост,"Вторым событием стало последнее в этом учебном году заседание Клуба медиевистов, на котором нам таки удалось посмотреть, казалось бы, отложенный в долгий ящик фильм Ингмара Бергмана ""Седьмая печать""."
долгий,"не было, европейская интеграция Украины будет",отложена,"в долгий ящик, а страну ожидает",3244445. liveinternet.ru 3244445 (2013),3244445,liveinternet.ru 3244445,2013,NA,пост,"Если Виктор Янукович за оставшиеся недели не поймет, что никаких шансов на подписание соглашения без освобождения Тимошенко нет и никогда не было, европейская интеграция Украины будет отложена в долгий ящик, а страну ожидает повышенная политическая и экономическая турбулентность."
долгий,"Ликсутовым, но этот вопрос я пока",отложил,в долгий ящик для себя: я,grosslarnakh. livejournal.com grosslarnakh (2013),grosslarnakh,livejournal.com grosslarnakh,2013,NA,пост,"Меня тут больше смущает озвученное Навальным предложение профлюстрации для людей из команды мэра типа Капкова с Ликсутовым, но этот вопрос я пока отложил в долгий ящик для себя: я в целом не считаю, что наличие Капкова должно оправдывать молчание Собянина по поводу приватизированных бюджетом квартир дочерей."
дальний,"ясно, что многие наши навыки прийдется",отложить,"в дальний ящик"".",letchikleha. livejournal.com letchikleha (2013),letchikleha,livejournal.com letchikleha,2013,NA,пост,"С первых же уроков стало ясно, что многие наши навыки прийдется отложить ""в дальний ящик""."
долгий,соединения поп-музыки с григорианскими хоралами приходится,отложить,"в долгий ящик, к тому же",vk (13.08.2013),NA,vk,2013,NA,пост,"Но вскоре он понял, что аудитория не смогла оценить это творение, из-за чего идею соединения поп-музыки с григорианскими хоралами приходится отложить в долгий ящик, к тому же эта ниша была уже занята проектом Enigma."
долгий,"Не ссы, Марфа, детей мы всех",отложили,в долгий ящик». http:// forum. urup,vk (30.04.2012),NA,vk,2012,NA,пост,"На что барин, крутя ус, шутливо отвечал: «Не ссы, Марфа, детей мы всех отложили в долгий ящик». http:// forum. urup. ru/ thread-13557. html"
